"_id",uniqueClientIds.0,uniqueStudentIdCount
"",onlineTrainingClientId,8260
oR17p5byX6fQX6gmt6GBTMvmJ5J8,onlineTrainingClientId,23
oR17p5acarokwRO7asmxz_6IT26w,onlineTrainingClientId,19
oR17p5XKXPt9O0bddMLpDCiHIyT0,onlineTrainingClientId,16
oR17p5W7a2IF9My8vNuqeJfwJnnI,onlineTrainingClientId,14
oR17p5dUXav-h0iiuY7m8q9GCbkk,onlineTrainingClientId,11
oR17p5VDhUms2i649a53g136Eogc,onlineTrainingClientId,11
oR17p5ctcqvuZkCxPfLilmFt2ARc,onlineTrainingClientId,10
oR17p5aCEMwg-rK0D1wpn3tFXbBA,onlineTrainingClientId,9
oR17p5dCsgjwA6H2HFJSxJOpMpRc,onlineTrainingClientId,8
oR17p5W6ibHXQAnwP5AjrLdsl4wA,onlineTrainingClientId,7
oR17p5XGl5wIPWPKWSGgzVqg4yS4,onlineTrainingClientId,7
oR17p5QdTEvESNVF5MS61zACgaVE,onlineTrainingClientId,7
oR17p5YM4_cdMv7Ps_J9FIenkoMY,onlineTrainingClientId,6
oR17p5bAA_Mvw3aW5HOOtbt7IBi8,onlineTrainingClientId,6
oR17p5bS6iKpeI1N5zeTdwSfiUCs,onlineTrainingClientId,6
oR17p5SZ8m3m52GoPhdrp62d2USw,onlineTrainingClientId,6
oR17p5RHHQ1XLED0K5KoOVHOETk0,onlineTrainingClientId,6
oR17p5ZUZYqY8G-LXzvUEL-kiiGM,onlineTrainingClientId,5
oR17p5SGXc8WkccuPlZfs3IvRjWE,onlineTrainingClientId,5
oR17p5QxkfnVy4ASHqYgA1RKy9vo,onlineTrainingClientId,5
oR17p5QDTnL1cb-w0idtkeMbL9Jw,onlineTrainingClientId,5
oR17p5eh-08loi7ehKkVesSodt_0,onlineTrainingClientId,5
oR17p5S3TQKHQe0t8EZOU18qhxSw,onlineTrainingClientId,5
oR17p5aQ97oYjcg4Y5qG_5T_c_uY,onlineTrainingClientId,5
oR17p5fxknRq90D1aNZrnOTrBPJo,onlineTrainingClientId,5
oR17p5QGU8zfpE9O3azwTFNXcfSU,onlineTrainingClientId,5
oR17p5R-JBkoaaw5Jmaoc_y3LKxg,onlineTrainingClientId,4
oR17p5ecMicicSYIDY08buyCwa3k,onlineTrainingClientId,4
oR17p5Vw72gUCz5OoPrFDywU-psQ,onlineTrainingClientId,4
oR17p5VJKmk-r4Gr_ewDUg6RAhW8,onlineTrainingClientId,4
oR17p5bQ4-Dp7Z9EHD0V3o0eVLPo,onlineTrainingClientId,4
oR17p5Wu_LuTmH0meAPqcZIVeSLA,onlineTrainingClientId,4
oR17p5ZMAM3_HqRrFkXxKbMZaQrw,onlineTrainingClientId,4
oR17p5Xbypo-9Z2VFxklk-sCKrXQ,onlineTrainingClientId,4
oR17p5Tp7JN5law6dZeKiYvTONes,onlineTrainingClientId,4
oR17p5ZT4IGFm582VZ4t2uj8FCzo,onlineTrainingClientId,4
oR17p5Wp88-RZlKQC_acDme6s-6w,onlineTrainingClientId,4
oR17p5Sq8qQD-Td0KkMdJZ6OKnw4,onlineTrainingClientId,4
oR17p5cVRLaEUJo05wUaReGhJXag,onlineTrainingClientId,4
oR17p5fNZz6D_DlMLqHX7jki5-zY,onlineTrainingClientId,3
oR17p5UJo1QYxJwaV5NCERJr1vsc,onlineTrainingClientId,3
oR17p5UOGXi58uFpqhBHx7vDDmGI,onlineTrainingClientId,3
oR17p5UewPYIz2UdidD5ca8MCEXs,onlineTrainingClientId,3
oR17p5UE0VSfr1Z1KpkIqUeHp6xk,onlineTrainingClientId,3
oR17p5dTXNz9CMA-XrCm_VZPlngE,onlineTrainingClientId,3
oR17p5ejI2gJvJt7TefbBRs43CCQ,onlineTrainingClientId,3
oR17p5WHBrwWZp-kjeNRWkGhk4G8,onlineTrainingClientId,3
oR17p5ch8XcHaOEpTNUJpHiYTIuE,onlineTrainingClientId,3
oR17p5VCJ8_CAa2Ixr0xVkmwqKZ0,onlineTrainingClientId,3
oR17p5Tg3YQbzvJcnbfLoJtW2sDk,onlineTrainingClientId,3
oR17p5R0-RBAk0Bvpo8ch6LpuniQ,onlineTrainingClientId,3
oR17p5R6mhe5t9Ky-5pxtnZ956Tk,onlineTrainingClientId,3
oR17p5a3P2lNE-d6eFlwRgjyfsxM,onlineTrainingClientId,3
oR17p5aXTAinwXc_i4AzTwRdljdE,onlineTrainingClientId,3
oR17p5e_crertP2sva_fTRU9eqq4,onlineTrainingClientId,3
oR17p5YsSo6SRcBhzQEr-9OOEEZ4,onlineTrainingClientId,3
oR17p5W3yv-3EA7xYZVZCmbg_qxQ,onlineTrainingClientId,3
oR17p5XBcWyWUAFAYDRJ5p5UGtbA,onlineTrainingClientId,3
oR17p5aI-aC6CtiZdIa9jliLRD1k,onlineTrainingClientId,3
oR17p5ULFy2SUJg30ueIscqc-nHI,onlineTrainingClientId,3
oR17p5Y0U0S2Ff3vqbR4TP0Dt9b4,onlineTrainingClientId,3
oR17p5UJarcSWY_Qz2ng1nCwz0v8,onlineTrainingClientId,3
oR17p5VIurDWUth4uY8TSNN_iEEE,onlineTrainingClientId,3
oR17p5UXU7hqRdcsGb1sRIiHH9b0,onlineTrainingClientId,3
oR17p5WvJsc6e3nuF8LDJAfIjZ1s,onlineTrainingClientId,3
oR17p5c7PQKHDQHkeCnrbP8jr32Q,onlineTrainingClientId,3
oR17p5VEKUtwQmYDVgY-NKnOBpNw,onlineTrainingClientId,3
oR17p5TAv_Wm9t8DpDvzLTCE35qE,onlineTrainingClientId,3
oR17p5QDCucMqruAnsIS6vq0HrkQ,onlineTrainingClientId,3
oR17p5ZnCcCY9wO4pPiz67r4CaGs,onlineTrainingClientId,3
oR17p5Vy05TTLnC2LOq_-stTGoDY,onlineTrainingClientId,3
oR17p5Uu0iWMcY7rxpHlh_zAVpIM,onlineTrainingClientId,3
oR17p5aZMoXXwGXsEXNUkQCUosUg,onlineTrainingClientId,3
oR17p5eBWgczOYjEWPTnK8FytFg4,onlineTrainingClientId,3
oR17p5f17FJarW-C9-3_t4hv814I,onlineTrainingClientId,2
oR17p5a7Vl-EE3Mek2f862zYPTgY,onlineTrainingClientId,2
oR17p5cUgiRO5HPkzTbj6IoHngMg,onlineTrainingClientId,2
oR17p5Wv-7eNPnLBcdOY_Ps9EK-8,onlineTrainingClientId,2
oR17p5bXARNT_53gO3KiwfLyaKcg,onlineTrainingClientId,2
oR17p5T3xSP93sAVDXUZdlN8glUg,onlineTrainingClientId,2
oR17p5ZPHETOZ74fflxPigh6Eu3Q,onlineTrainingClientId,2
oR17p5W5GuqrmIzM4k7fntfaFiyI,onlineTrainingClientId,2
oR17p5b4hH2YvRUYgx-sP_4Oc7dY,onlineTrainingClientId,2
oR17p5QQUoCIl190zkyQvn0WXwVI,onlineTrainingClientId,2
oR17p5VMWhVMgSATDddBt4y2qn0w,onlineTrainingClientId,2
oR17p5Qp9LYcQZLT7SRe03stcX4Y,onlineTrainingClientId,2
oR17p5YzQ7fgpI6F56vmqU6ujxg0,onlineTrainingClientId,2
oR17p5UCILSXhCyIBTvdIwD67T4s,onlineTrainingClientId,2
oR17p5cH5Cb-uzOuUfyLDTGYO5LI,onlineTrainingClientId,2
oR17p5c7UBSNXut4MXgzKlI8XQ8o,onlineTrainingClientId,2
oR17p5YoHEsdfJ3YTxy7HH8GaYs0,onlineTrainingClientId,2
oR17p5biQ09cTeq7h-CXKs1O9HQk,onlineTrainingClientId,2
oR17p5ZTicng7M8w4L2jwa11ztRs,onlineTrainingClientId,2
oR17p5dcNl8ghj_-ZvR1LYm_mxZk,onlineTrainingClientId,2
oR17p5VK4YoHRgZnrYW85P3Q0QOM,onlineTrainingClientId,2
oR17p5aAQ4VERqzBHQgA109DWNzo,onlineTrainingClientId,2
oR17p5RZiLIc6ulkf70oufVN7WrY,onlineTrainingClientId,2
oR17p5fEADLMv3H_z3L991h3uxB0,onlineTrainingClientId,2
oR17p5ZYF6lpCCWSJfpOZkVdya3s,onlineTrainingClientId,2
oR17p5XimIiCIiq7HEK1Vm2k59Sk,onlineTrainingClientId,2
oR17p5QuqQFKr6fNkpVCjhgCLbmA,onlineTrainingClientId,2
oR17p5Vn5z-dkMLQEW3fWE2620yI,onlineTrainingClientId,2
oR17p5fRT8-jI7PYawSlMPxNz7IQ,onlineTrainingClientId,2
oR17p5XG9V6b2KSyzfKmBVpgdp-s,onlineTrainingClientId,2
oR17p5Rnba5PvymJNx5xQWpD6HDQ,onlineTrainingClientId,2
oR17p5SCFo1ayElX-UYeJvqUh7ms,onlineTrainingClientId,2
oR17p5RHIdVHbEzTmV_1EP955mgQ,onlineTrainingClientId,2
oR17p5R5kWZx6DwxNUeSmRufWTnE,onlineTrainingClientId,2
oR17p5YIIPpbNPhFuFqfpCk-Xybk,onlineTrainingClientId,2
oR17p5cz9IaX-_PUqozSektQPobs,onlineTrainingClientId,2
oR17p5Tq9rYXdyRTbTK-_HxkPy2c,onlineTrainingClientId,2
oR17p5UccGRgSOtX8KJVtaXsH1BU,onlineTrainingClientId,2
oR17p5aTxepukbx44nzJtoq-StzQ,onlineTrainingClientId,2
oR17p5SsRPrsIjxWMXkqJy5K7gDg,onlineTrainingClientId,2
oR17p5ZVHl5bQPzbS_2OpcMxPmh8,onlineTrainingClientId,2
oR17p5eEONHlOIBoVP5DVKDGoME0,onlineTrainingClientId,2
oR17p5YSjX5lQQkJ-RYzADRnqA0I,onlineTrainingClientId,2
oR17p5cu2RM36pdw775cM_4ssVuA,onlineTrainingClientId,2
oR17p5Se_2a4zDW0kW8e995_GDWA,onlineTrainingClientId,2
oR17p5TzTxmUo3BVbvW_1OJAc8c8,onlineTrainingClientId,2
oR17p5VfI3glklEeynBVOYxSG8Ic,onlineTrainingClientId,2
oR17p5Z4ey9_0G6I-a_1nlPVbM7U,onlineTrainingClientId,2
oR17p5eJrHnBkj3M023PfKO2Hd48,onlineTrainingClientId,2
oR17p5XZcGKgHJCU6lkxNuvssE2M,onlineTrainingClientId,2
oR17p5aE5_SQNhe3g1PQ_C4VI9Zw,onlineTrainingClientId,2
oR17p5R9OmmE-ThrM2eGfg-S2_2o,onlineTrainingClientId,2
oR17p5ZdDu4lm7SqgiGz_5ENxeuc,onlineTrainingClientId,2
oR17p5f8fFBdYA8pNmh6Nuzgmqvk,onlineTrainingClientId,2
oR17p5TZoRvZpFPu9TUv9e9Mbl8s,onlineTrainingClientId,2
oR17p5bpSDdpKmx-FiPIgHpxm8HQ,onlineTrainingClientId,2
oR17p5VDte2hF8JfUIslHa3GToK0,onlineTrainingClientId,2
oR17p5SC8SGtKacQP7ZsaMuS5AAE,onlineTrainingClientId,2
oR17p5ZvEgG9DK8skLGRTjTA3jzQ,onlineTrainingClientId,2
oR17p5fU_CO7XsI6IjVVhKD2FgpY,onlineTrainingClientId,2
oR17p5VBSFk313ctkyuOEBFk1ELk,onlineTrainingClientId,2
oR17p5fngbfhMzIFVo6ThGy-UMXg,onlineTrainingClientId,2
oR17p5T3mN-jLf3zlkLD2fJhwpuk,onlineTrainingClientId,2
oR17p5QJfWEqRnWAxitNrWwGXLIk,onlineTrainingClientId,2
oR17p5cxpnBqvEQHWdMUjR_MqG2A,onlineTrainingClientId,2
oR17p5StOOG-kl4TcTlEpbCJ1S14,onlineTrainingClientId,2
oR17p5RnR3Mw6xCh0cK2fCp00h-I,onlineTrainingClientId,2
oR17p5YjN5oAL5GQbkTxWRkb3i8Q,onlineTrainingClientId,2
oR17p5cqTP3gC0SHpDZFyzxI5vzQ,onlineTrainingClientId,2
oR17p5W2CfqkKc4dv08PkI7dRjj4,onlineTrainingClientId,2
oR17p5WPpTrtNFZ_TEOjh6WR9Uks,onlineTrainingClientId,2
oR17p5dLyoTRbP4z2bVycJIkcPeY,onlineTrainingClientId,2
oR17p5czNaPB-B-7RWsLxkq1iP94,onlineTrainingClientId,2
oR17p5U54yOCETVPH1ol_hwCGi40,onlineTrainingClientId,2
oR17p5euWLoKg2qDCqGPpUJmAvzA,onlineTrainingClientId,2
oR17p5dL068Hf2d8X2_qPBiHqs6o,onlineTrainingClientId,2
oR17p5c3bAhPIr71irhFDiB2dOec,onlineTrainingClientId,2
oR17p5Z03qk7wffUlnZ4sxf1K8ao,onlineTrainingClientId,2
oR17p5WFVbZWjYE1hif7tuInRB9Y,onlineTrainingClientId,2
oR17p5byPzO39ZtJtSDKupykiT4k,onlineTrainingClientId,2
oR17p5cCEwbKV2hjLfv_BaEjk2hk,onlineTrainingClientId,2
oR17p5drmJJmx6XBr6SE9t_w5z2A,onlineTrainingClientId,2
oR17p5XjE3HHhvUe9XyRHby-v_8Q,onlineTrainingClientId,2
oR17p5ciPOiGkCVS-9K8IZYCegxU,onlineTrainingClientId,2
oR17p5aVOLMfqHcgw9IwQVCWus8s,onlineTrainingClientId,2
oR17p5VdjiuE95GAYI4c3nBp0NHU,onlineTrainingClientId,2
oR17p5c8CFscqKV1vjAnzqdY5e_4,onlineTrainingClientId,2
oR17p5UhiKRgezYAqsfzDw92tfII,onlineTrainingClientId,2
oR17p5QPSU3czojqaT01dBfOnsHY,onlineTrainingClientId,2
oR17p5Qoq794vTlA8TKPjVwju3Vc,onlineTrainingClientId,2
oR17p5RlCyC5N6Oid0pXKFJysUQ0,onlineTrainingClientId,2
oR17p5V9SD4BY5Aul74P96aXn210,onlineTrainingClientId,2
oR17p5RmO5JKJ0lkfZCdBN9p9hSw,onlineTrainingClientId,2
oR17p5e4XvnQX2SfIlEDxqMwQX-8,onlineTrainingClientId,2
oR17p5frp8MuXDTeEmnhj0Ivlvb8,onlineTrainingClientId,2
oR17p5UdpKA5jCkn-ox5Xhgb7I34,onlineTrainingClientId,2
oR17p5SvWvPz64YC6bJ0g82JtyIU,onlineTrainingClientId,2
oR17p5cu0bzITto7QV9U73kpwPMA,onlineTrainingClientId,2
oR17p5cMVw3PR4Lx33pDsUunV89g,onlineTrainingClientId,2
oR17p5WP9zsI-vXvf7KwG8o0ceIc,onlineTrainingClientId,2
oR17p5XG6VrAbDT3LH-rEEjJAbDI,onlineTrainingClientId,2
oR17p5QOe5MnVamaADtoLgC5hEiA,onlineTrainingClientId,2
oR17p5Zv0vGV7i0Fybttr6e2ESRg,onlineTrainingClientId,2
oR17p5QQGjeHnSU-_B0ov-yVh6QQ,onlineTrainingClientId,2
oR17p5X4G8FV_xNKQ5EWzx1MqLgk,onlineTrainingClientId,2
oR17p5dE-Ye3RTI88137n4YDo90c,onlineTrainingClientId,2
oR17p5R5tYQ82i2Olu2TidyKtifU,onlineTrainingClientId,2
oR17p5WViQYm-iafSB0WBl7mXlsE,onlineTrainingClientId,2
oR17p5ezMcKIKBRpcOqb_gNunjkI,onlineTrainingClientId,2
oR17p5elcQZVspwGbFGP7n_rwDtk,onlineTrainingClientId,2
oR17p5VxGAN2PibAxe8rcGqpgqW0,onlineTrainingClientId,2
oR17p5dFUsv7dJAzWF3JwHnD8UpU,onlineTrainingClientId,2
oR17p5faONNONexM8_hfJeDfFvlE,onlineTrainingClientId,2
oR17p5TTYeD-J8tI8-VlmJc8SV24,onlineTrainingClientId,2
oR17p5YhuO_0Vi83W_JqZM0f9JjI,onlineTrainingClientId,2
oR17p5dhHGUM9Ct6LHncePjINSr0,onlineTrainingClientId,2
oR17p5ZlOqGT5OcSTArN3MEQ5VfU,onlineTrainingClientId,2
oR17p5VtYKULj6jUBWaCY8Aq52cI,onlineTrainingClientId,2
oR17p5ShNxc3GBUvCXgcEcSjis8c,onlineTrainingClientId,2
oR17p5aprz6cz3JtpvF7bsn7XczQ,onlineTrainingClientId,2
oR17p5W_ppTe-fPnl7IfV6mVkTE0,onlineTrainingClientId,2
oR17p5cdgfQx_SUcQ7L5iBaLS60Y,onlineTrainingClientId,2
oR17p5bKh4YStCP64V4CXwZ6svVM,onlineTrainingClientId,2
oR17p5aA-ATX1XuqgfV1VTdT3Xcw,onlineTrainingClientId,2
oR17p5Ws6XttBKztGoKCxWrjPDaQ,onlineTrainingClientId,2
oR17p5ZF-cHACwwhl-MSkj4OP15k,onlineTrainingClientId,2
oR17p5WPCiAj4U-tG00qHee9jP_I,onlineTrainingClientId,2
oR17p5T2O6uRsqCarGUAIjS34Bto,onlineTrainingClientId,2
oR17p5TqS3VsPh9MAPkv-NVrusSw,onlineTrainingClientId,2
oR17p5SGMw9CUqmH5c8bevyqw4Hk,onlineTrainingClientId,2
oR17p5cb91qzcI303dCq35cTGpSk,onlineTrainingClientId,2
oR17p5WfihVWuFAPJfjaNM1PLoqo,onlineTrainingClientId,2
oR17p5YrbFT2qPiJFcGjF8cx9x2U,onlineTrainingClientId,2
oR17p5cEqtgTd-JG6leUz9eC0b5E,onlineTrainingClientId,2
oR17p5cFjYQxl0fKmRVkzjpgVvN4,onlineTrainingClientId,2
oR17p5UTruDA3yq0w3MOhnAjsGu4,onlineTrainingClientId,2
oR17p5ZlToec5Rj1pc897ozgpL1s,onlineTrainingClientId,2
oR17p5db8a1ewmliX6tIjAej8kr4,onlineTrainingClientId,2
oR17p5ZpvnztLuJpiLTJ1hMUCkZM,onlineTrainingClientId,2
oR17p5adAvQDPlu4rAsIeVR2f6PY,onlineTrainingClientId,2
oR17p5eoVDYciNYPZnmGD6p7RupY,onlineTrainingClientId,2
oR17p5ckqUpzZvST_DZdPvDIGLO8,onlineTrainingClientId,2
oR17p5SkufIbx5McbafdbtsQbL24,onlineTrainingClientId,2
oR17p5eLEjPKflVnErxnavYguneE,onlineTrainingClientId,2
oR17p5WOpu9YLvg7CeK_xFaFN65M,onlineTrainingClientId,2
oR17p5ZmY6a2p5u-vWJSDyB3CxrU,onlineTrainingClientId,2
oR17p5Tt5HyFEbvWwZwAhFKgZBY4,onlineTrainingClientId,2
oR17p5fvI_A7zwaFATaxBsOFRbWU,onlineTrainingClientId,2
oR17p5amAhnkEBxvW3lxG4U9b2DA,onlineTrainingClientId,2
oR17p5YlMAud4l-l0HM0IuLViTnA,onlineTrainingClientId,2
oR17p5WXnCFaNdpPfzxK5WFV6aL8,onlineTrainingClientId,2
oR17p5VBzdNXy0yOLG-TKXMA5kOw,onlineTrainingClientId,2
oR17p5WAjVxvVUg3ACIJBUyVTHf4,onlineTrainingClientId,2
oR17p5QBuC1yE_xRukl44DiZBb8Y,onlineTrainingClientId,2
oR17p5XdN87DNjCt114xs0L28Ydw,onlineTrainingClientId,2
oR17p5YROhohbpmKfD7A3t_yMEZ8,onlineTrainingClientId,2
oR17p5azVmzj3S2gTb-HsfoSQBWQ,onlineTrainingClientId,2
oR17p5VO5q7d4ZenUcrI3hwKi2Lo,onlineTrainingClientId,2
oR17p5S3GRGnWlzitQxgOYQk0Q3U,onlineTrainingClientId,2
oR17p5UymEhQylcvdMY8jodpKIpg,onlineTrainingClientId,2
oR17p5aY6HI5gxnxOpqOGEYuoCE8,onlineTrainingClientId,2
oR17p5T4I_47pMagfmi30IBt8U40,onlineTrainingClientId,2
oR17p5YOBgCVRHhnAhPVWTxY1ttI,onlineTrainingClientId,2
oR17p5XNdmwdDmI5djZ3MS7v5_kA,onlineTrainingClientId,2
oR17p5YhY77JOh_j5ytGEcrZE3pk,onlineTrainingClientId,2
oR17p5dPIIhBbtDevJzNkGqII5xk,onlineTrainingClientId,2
oR17p5VqiQEWP9irdS3XpYFRo0e0,onlineTrainingClientId,2
oR17p5eCxJUlRksGMQytWuVKxB5k,onlineTrainingClientId,2
oR17p5XFAq49RpulmF8uNfnFh7lU,onlineTrainingClientId,2
oR17p5dh68AdECIdHLti6hX81VI8,onlineTrainingClientId,2
oR17p5bY1gdHW4e7tlcIxKgTbwIk,onlineTrainingClientId,2
oR17p5fzVRZ9x6P6hjCCe32eYink,onlineTrainingClientId,2
oR17p5d_zrjiOF5XQ8oGal35Z4Nc,onlineTrainingClientId,2
oR17p5UPUIPyRPZZleG_W101ktmE,onlineTrainingClientId,2
oR17p5fACZY6Yw7V3TNueFhP1wBo,onlineTrainingClientId,2
oR17p5TmeqTAc8TBWNJGUVjfZlhc,onlineTrainingClientId,2
oR17p5aS96Y4iInuv_CwGP779qLI,onlineTrainingClientId,2
oR17p5dXCWrhsHTqyayEIDOswR0w,onlineTrainingClientId,2
oR17p5YDENStduFYwkOKPh3TmtK0,onlineTrainingClientId,2
oR17p5fh3-y4NorvFroaJ8hKHtqQ,onlineTrainingClientId,2
oR17p5XwglNrs_YKsOYCyVepLYeE,onlineTrainingClientId,2
oR17p5cMlN0Zc5M45CiSvqj3BhFw,onlineTrainingClientId,2
oR17p5ZFflh0NiXYNJO2b10r5ppc,onlineTrainingClientId,2
oR17p5Z8_6HzA_SwAlDl13CwhUyM,onlineTrainingClientId,2
oR17p5fdxQ3Bd35zewRRxoNMiXAY,onlineTrainingClientId,2
oR17p5QYiJ-LiEbY9-o5Um1OdH9E,onlineTrainingClientId,2
oR17p5aR5xNXVMNhRRkQwS8dSmbQ,onlineTrainingClientId,2
oR17p5UmJYeHDOWXrKrKwFL7qY1c,onlineTrainingClientId,2
oR17p5eDvK4sCoApimfhn_PM56hI,onlineTrainingClientId,2
oR17p5RAlMzbJVTO25WIkOFE2Umo,onlineTrainingClientId,2
oR17p5cDpM3C1iqAD3faOMOHSHKs,onlineTrainingClientId,2
oR17p5SZe3XBYr7jbT2fi1L8q1ew,onlineTrainingClientId,2
oR17p5SRPFBsCg1NUylFhTTi0cWc,onlineTrainingClientId,2
oR17p5Z_DE8P2GWyeSep5c_RS8dw,onlineTrainingClientId,2
oR17p5WZeF34ZZc0TOAnUuBpS5lY,onlineTrainingClientId,2
oR17p5X06_utgje6Uw0zJdqNsuT8,onlineTrainingClientId,2
oR17p5dD3mMn_34Ocbh6QxU-e0mM,onlineTrainingClientId,2
oR17p5e3U0qV1WS02n7HRzjXnpDE,onlineTrainingClientId,2
oR17p5Ryy6I0VjoLRsmBrW9oMTPM,onlineTrainingClientId,2
oR17p5aRhpexPeoBh1EThz6GytRY,onlineTrainingClientId,2
oR17p5TBq3f5dPYkFZLYoaGj2v9s,onlineTrainingClientId,2
oR17p5fCjQuNj1mdt9k5xjR34908,onlineTrainingClientId,2
oR17p5bswDuBWa_Cpbg9ey5ML2ZE,onlineTrainingClientId,2
oR17p5SlQjaIWHV0f4VAqArAee8E,onlineTrainingClientId,2
oR17p5QwdJARDdx5AxR1J_KTlcWc,onlineTrainingClientId,2
oR17p5ROZZ9qjfByM5FqvFckI6Lg,onlineTrainingClientId,2
oR17p5dWkicEo5A3UhFAUjgU35OQ,onlineTrainingClientId,2
oR17p5fE7dLEqhXQ0HExNi8Semx4,onlineTrainingClientId,2
oR17p5Tz05IGXn0ZUkRqDKbyjUqc,onlineTrainingClientId,2
oR17p5TS9bRa0F44Otf4x5HKXA-I,onlineTrainingClientId,2
oR17p5VZFME4FgVjwW79g-lOCW7A,onlineTrainingClientId,2
